,sepal length (cm),sepal width (cm),petal length (cm),petal width (cm)
sepal length (cm),0.6856935123042505,-0.0424340044742729,1.2743154362416103,0.5162706935123044
sepal width (cm),-0.0424340044742729,0.1899794183445188,-0.3296563758389263,-0.12163937360178978
petal length (cm),1.2743154362416103,-0.3296563758389263,3.116277852348994,1.2956093959731538
petal width (cm),0.5162706935123044,-0.12163937360178978,1.2956093959731538,0.5810062639821029
